date,step_count,active_time,distance,calorie
2020-09-25,14392,7782950,11033.9795,493.38983
2020-09-26,13245,7529735,10020.99,480.0699
2020-09-27,4105,2269046,3131.42,142.96999
2020-10-03,26,15039,19.41,0.94
2020-10-04,50,28982,37.76,1.74
2020-10-05,147,91730,108.86,5.32
2020-10-06,29,17043,22.119999,1.01
2020-10-07,16,9161,12.39,0.56
2020-10-10,49,29531,36.5,1.9400002
2020-10-11,17,13045,12.389999,0.73
2020-10-12,26,14016,20.64,0.97
2020-10-15,42,24596,31.039999,1.52
2020-10-16,14,9066,10.16,0.51
2020-10-19,4457,2476513,3394.6199,158.90991
2020-10-20,13,7302,10.25,0.48
2020-10-21,8,5285,5.89,0.29
2020-10-26,21,11923,15.629999,0.73
2020-11-01,8510,4529805,5808.809,251.01985
2020-11-05,48,26113,32.27,1.27
2020-11-06,74,43429,48.93,2.06
2020-11-11,1067,557640,729.58997,31.129993
2020-11-15,40,26620,26.059998,1.0999999
2020-11-16,9,5888,5.8599997,0.26
2020-11-18,38,20604,25.98,1.04
2020-11-21,6550,3153227,5194.6997,239.77997
2020-11-22,8650,4168371,6949.77,321.00998
2020-11-25,1858,1031650,1255.4299,53.979996
2020-11-26,8831,4262123,6873.19,318.36
2020-11-27,7053,3524468,4890.76,211.27
2020-11-30,3203,1582187,2227.5898,95.85
2020-12-01,3574,2009762,2404.2,106.77
2020-12-08,19,10301,12.620001,0.5
2020-12-11,13,8117,8.809999,0.33
2020-12-12,61,35371,39.85,1.59
2020-12-13,9890,4559079,7788.7896,375.46997
2020-12-14,31,18902,20.48,0.84000003
2020-12-15,132,78638,87.34,3.63
2020-12-16,171,100230,113.72,4.7899995
2020-12-17,6953,3861693,4741.9897,208.3
2020-12-18,3133,1800629,2101.74,90.03999
2020-12-19,8716,5205397,5793.31,258.22998
2020-12-20,13,8360,8.49,0.36
2020-12-22,7,3306,4.96,0.18
2020-12-26,13099,6349919,9157.29,389.46
2020-12-27,10136,4979270,7062.95,303.79
2020-12-28,8108,3526876,7247.63,367.5
2020-12-29,5909,3016294,4072.27,176.93
2020-12-31,13,6817,8.87,0.33
2021-01-04,15,7480,10.39,0.4
2021-01-05,61,35552,40.260002,1.7199997
2021-01-06,22,13344,14.789999,0.59000003
2021-01-07,51,30983,33.75,1.4300001
2021-01-08,6,4841,3.9,0.17
2021-01-09,7805,3939494,5415.38,233.7
2021-01-10,6917,3359558,4835.98,207.43
2021-01-11,12,7671,7.87,0.32999998
2021-01-12,192,111627,129.43,5.5599995
2021-01-13,10274,5041010,7157.86,307.75
2021-01-14,8202,4088073,5698.9,246.4
2021-01-15,46,27062,30.77,1.31
2021-01-19,8534,4173113,5988.53,259.4
2021-01-20,17,11102,10.900001,0.44000003
2021-01-21,57,33542,37.66,1.5500001
2021-01-24,8306,4103779,5785.73,250.34999
2021-01-25,7872,3929527,5494.05,239.31
2021-01-26,8198,3959358,5777.31,249.97
2021-01-27,5132,2519579,3572.33,153.53
2021-01-28,57,31484,38.53,1.55
2021-01-29,141,78050,99.81,4.3799987
2021-01-30,6629,3287633,4662.61,204.92
2021-01-31,2976,1623412,2018.52,85.84
2021-02-01,68,40379,44.57,1.84
2021-02-02,18,12301,11.469999,0.48000002
2021-02-03,8557,4314449,5942.3096,257.69998
2021-02-04,9592,4840464,6643.77,287.5
2021-02-05,5430,2699666,3811.99,163.06999
2021-02-06,3354,1708453,2340.56,99.01
2021-02-07,126,78042,83.57,3.47
2021-02-08,154,89783,102.69001,4.1699996
2021-02-09,11556,6744846,7727.33,339.59
2021-02-10,12484,6858013,8489.53,368.56
2021-02-11,5668,3402299,3757.19,163.77998
2021-02-12,8939,5005141,6033.84,263.12
2021-02-13,3559,2093922,2380.23,102.69999
2021-02-14,1263,700318,850.71,35.92
2021-02-15,117,75215,76.35,3.26
2021-02-16,55,29423,37.280006,1.4799998
2021-02-17,21,13233,13.66,0.59
2021-02-18,36,20243,24.189999,0.97
2021-02-19,12,6537,7.99,0.3
2021-02-24,8402,4185288,5861.97,255.84
2021-02-25,120,77281,78.6,3.27
2021-03-01,16,10167,10.269999,0.42000002
2021-03-02,51,31160,33.91,1.4200001
2021-03-03,56,33336,37.2,1.56
2021-03-04,8304,4138286,5762.3,248.98
2021-03-10,152,92218,102.479996,4.3499994
2021-03-11,6211,3201795,4265.97,186.04997
2021-03-12,3707,1772716,2614.0298,108.19998
2021-03-13,42,25288,27.579998,1.19
2021-03-14,5716,2442494,5098.9,259.87
2021-03-15,69,39079,46.469997,1.81
2021-03-16,333,186369,224.28,9.28
2021-03-17,95,56179,63.44,2.6599998
2021-03-18,165,93385,110.64999,4.579999
2021-03-19,153,87849,102.35,4.2
2021-03-23,2042,1112863,1395.2899,60.329994
2021-03-25,3157,1677215,2190.23,92.60999
2021-03-26,8101,4119098,6047.18,270.26
2021-03-27,3689,1978546,2575.6,110.52999
2021-03-28,3924,2270986,2627.46,116.02
2021-03-29,4818,2422610,3454.2598,148.58998
2021-03-30,309,173900,208.79,8.699999
2021-03-31,904,534690,602.47003,25.689999
2021-04-01,321,176717,215.7,8.919999
2021-04-02,4484,1988365,3640.67,168.68999
2021-04-03,6595,3743023,4438.2,185.09999
2021-04-04,48,28061,31.32,1.35
2021-04-05,3873,1479696,3363.99,161.56
2021-04-06,3139,1646886,2184.76,94.36999
2021-04-07,7457,3588299,5250.4395,221.48991
2021-04-08,2593,1341345,1800.5499,78.14
2021-04-09,112,64060,74.85,3.0899997
2021-04-10,854,486755,581.47,25.73
2021-04-11,1289,682772,893.58,37.59
2021-04-12,660,320412,474.35,20.49
2021-04-13,3036,1609063,2074.79,89.159996
2021-04-14,16,9869,10.360001,0.45
2021-04-15,1256,583509,912.43,38.44
2021-04-16,1082,552434,747.56,30.84
2021-04-17,491,208333,371.45,15.54
2021-04-19,1028,449179,769.41,32.49
2021-04-20,37,22180,24.36,1.03
2021-04-21,834,408018,578.35,23.58
2021-04-23,484,257138,347.63,15.589999
2021-04-24,46,25940,30.869999,1.28
2021-04-25,153,81749,105.259995,4.3599997
2021-04-26,19,11645,12.57,0.5
2021-04-28,13,7145,8.55,0.33
2021-04-29,47,26904,31.399998,1.23
2021-04-30,1250,630572,911.52,39.72
2021-05-01,3073,1601022,2109.03,86.96
2021-05-02,3148,1590684,2336.89,103.509995
2021-05-03,4256,2120875,3006.8098,128.31999
2021-05-05,86,52672,56.64,2.45
2021-05-06,29,17345,19.07,0.75
2021-05-08,22,12707,14.610001,0.55
2021-05-10,617,307002,442.06,18.98
2021-05-11,27,15950,17.77,0.70000005
2021-05-12,3289,1644215,2308.03,100.67
2021-05-13,558,283721,386.13998,15.729998
2021-05-14,6,4512,3.76,0.17
2021-05-17,29,17107,19.27,0.7699999
2021-05-18,76,45899,50.31,2.12
2021-05-19,227,140850,148.98,6.499999
2021-05-23,73,41604,49.15,1.9999998
2021-05-24,207,113027,140.3,5.649999
2021-05-25,56,33305,37.15,1.5
2021-05-28,13,8387,8.62,0.33
2021-06-01,16,9728,10.32,0.42000002
2021-06-03,36,20861,23.97,0.99
2021-06-07,56,33056,37.01,1.49
2021-06-08,13,8466,8.46,0.36
2021-06-09,38,22466,25.19,1.03
2021-06-10,31,18461,20.580002,0.85
2021-06-11,111,67612,73.3,3.12
2021-06-16,35,24830,22.14,0.96999985
2021-06-18,30,16839,20.220001,0.81
2021-06-21,36,24430,23.18,0.96000004
2021-06-23,30,17928,19.68,0.76
2021-06-25,68,41451,44.890003,1.8399999
2021-06-26,101,59010,66.92,2.75
2021-06-27,12,6448,8.06,0.3
2021-06-28,44,26414,28.94,1.17
2021-06-29,205,114813,138.17,5.779998
2021-06-30,94,58666,61.5,2.56
2021-07-01,2025,1066249,1399.75,60.399998
2021-07-02,64,39452,42.139996,1.7899998
2021-07-03,155,97612,101.25001,4.2699995
2021-07-05,65,41557,42.06,1.8100001
2021-07-06,439,259328,291.85,12.389999
2021-07-07,6,4630,3.73,0.17
2021-07-09,68,41593,45.21,1.8199999
2021-07-10,240,141676,159.20001,6.719999
2021-07-11,93,52836,62.579998,2.4899998
2021-07-12,20,11248,13.38,0.49
2021-07-13,89,51855,59.71,2.42
2021-07-14,756,375167,529.21,21.939999
2021-07-15,56,29813,40.35,1.75
2021-07-16,66,37556,44.06,1.8
2021-07-17,41,26515,26.82,1.14
2021-07-18,50,29001,33.02,1.34
2021-07-19,209,121890,138.73999,5.81
2021-07-20,676,355993,471.38,19.93
2021-07-21,2300,1278687,1551.1,66
2021-07-22,1010,563245,683.83,29.3
2021-07-23,775,446235,521.56,21.87
2021-07-24,245,136561,164.86,6.8999996
2021-07-25,38,22958,25.220001,1.0099999
2021-07-26,82,45428,55.520004,2.3199997
2021-07-27,127,75514,84.17,3.4399998
2021-07-28,3471,1731062,2410.8298,102.05999
2021-07-29,137,83572,89.92,3.8399997
2021-07-30,50,27379,33.61,1.37
2021-08-02,67,39390,45.170002,1.91
2021-08-03,119,73208,78.35,3.31
2021-08-04,463,246719,322.01,13.559999
2021-08-05,29,16812,19.25,0.78
2021-08-06,123,68894,82.23,3.43
2021-08-07,44,25056,29.35,1.2
2021-08-08,68,39773,45.38,1.89
2021-08-09,43,25262,28.62,1.1599998
2021-08-10,78,43105,52.54,2.09
2021-08-11,87,51699,57.449997,2.4599998
2021-08-12,6421,3295220,4429.89,170.40999
2021-08-13,3518,1393699,3008.64,144.74
2021-08-14,93,56027,61.54,2.58
2021-08-16,67,39218,44.289997,1.8099998
2021-08-17,110,59444,74.549995,3.0999997
2021-08-18,24,14724,15.689999,0.65000004
2021-08-19,27,14529,18.36,0.7
2021-08-20,17,9108,11.400002,0.45000002
2021-08-21,158,91597,105.380005,4.4099994
2021-08-22,116,67846,76.83,3.23
2021-08-23,73,44886,47.59,2.02
2021-08-24,246,161653,161.12,7.049999
2021-08-25,1009,499179,716.13,29.959997
2021-08-26,58,33662,38.36,1.49
2021-08-27,921,411215,716.06,32.12
2021-08-28,34,24198,21.650002,0.9499999
2021-08-29,84,50654,55.36,2.33
2021-08-30,4397,2577075,2929.3,120.49999
2021-09-01,3687,2129675,2469.8,103.75
2021-09-02,2743,1595419,1830.41,76.56
2021-09-04,7880,4234750,5351.5195,232.24983
2021-09-05,16,8616,10.83,0.42000002
2021-09-06,468,253444,324.72,13.7699995
2021-09-07,37,19030,25.32,1.03
2021-09-10,45,27233,29.89,1.2299999
2021-09-11,377,202318,260.66998,11.209999
2021-09-12,13,6781,8.719999,0.33
2021-09-13,1444,546665,1229.09,56.03
2021-09-14,22,13097,14.620001,0.56
2021-09-15,83,45629,55.890003,2.2399995
2021-09-16,29,18807,18.75,0.81000006
2021-09-17,54,28135,37.059998,1.4599999
2021-09-18,113,66642,74.5,3.1599998
2021-09-19,25,13450,16.62,0.67
2021-09-21,177,103259,117.53001,4.7599998
2021-09-22,1190,440143,1066.37,51.7
2021-09-23,123,72987,81.46999,3.39
2021-09-24,50,27253,33.84,1.3899999
2021-09-25,129,75789,85.48,3.55
2021-09-26,33,19086,22.099998,0.87
2021-09-27,179,108918,118.08,5.0199995
2021-09-28,607,313853,426.28,18.159998
2021-09-29,1035,552453,707.45,29.39
2021-09-30,96,57894,63.55,2.6
2021-10-01,2313,1137325,1626.2999,68.74998
2021-10-03,101,58444,66.92,2.76
2021-10-04,142,84356,94.060005,3.9199996
2021-10-05,191,113636,126.86,5.2799993
2021-10-06,2954,1566277,2019.33,83.15999
2021-10-07,1616,907270,1088.75,44.74999
2021-10-08,1617,944910,1076.58,46.02999
2021-10-09,3561,1869094,2448.41,102.419975
2021-10-10,40,21872,28.470003,1.3199999
2021-10-11,121,68941,80.990005,3.2899997
2021-10-12,18,12610,11.48,0.47000003
2021-10-13,106,64156,69.95,2.9799995
2021-10-14,102,57320,68.82,2.77
2021-10-15,95,51886,64.56,2.6
2021-10-16,118,65778,80.18,3.4499998
2021-10-17,78,50800,50.91999,2.2199993
2021-10-18,250,153641,166.14,7.1999993
2021-10-19,78,48098,51.530006,2.1699996
2021-10-20,424,221245,296.25,12.479999
2021-10-21,105,64245,69,2.96
2021-10-22,50,30070,32.84,1.3499999
2021-10-23,89,56525,58.73,2.45
2021-10-24,63,37046,41.84,1.6800001
2021-10-25,12,7423,7.63,0.3
2021-10-27,1573,864645,1064.0399,46.699966
2021-10-29,14,7805,9.09,0.33
2021-10-30,43,26529,27.91,1.14
2021-10-31,1091,491337,822.26,35.54
2021-11-01,29,15833,19.57,0.77
2021-11-02,1824,1059896,1265.17,53.489986
2021-11-03,174,83131,131.45999,5.62
2021-11-04,8,5243,5.04,0.23
2021-11-05,388,189741,310.04,14.189999
2021-11-06,21,11788,13.73,0.55
2021-11-07,1516,880482,1026.0299,44.47999
2021-11-08,5101,2626864,3509.5698,150.89
2021-11-09,13,7431,8.48,0.33
2021-11-10,6186,3225803,4249.9106,185.72986
2021-11-11,200,121209,132.21999,5.549999
2021-11-12,92,54734,60.879997,2.5999997
2021-11-13,1615,826542,1111.35,48.14
2021-11-14,247,146727,163.7,6.8099995
2021-11-16,147,83029,98.259995,4.02
2021-11-17,47,29047,30.69,1.28
2021-11-18,14,8516,9.04,0.36
2021-11-19,7494,3995323,5099.3506,223.42982
2021-11-20,444,217135,322.99002,13.709998
2021-11-21,5445,2207384,5127.6797,275.16
2021-11-22,92,53673,61.52,2.51
2021-11-23,4235,2227982,2898.03,123.41997
2021-11-24,1559,823603,1071.58,45.38999
2021-11-25,1491,800694,1019.99,43.569996
2021-11-26,26,14449,17.560001,0.73
2021-11-27,82,43949,55.759995,2.33
2021-11-28,39,21971,25.71,1.11
2021-11-29,139,80017,92.58,3.8899999
2021-11-30,155,88266,103.31,4.3099995
2021-12-01,28,14432,19.420002,0.7299999
2021-12-02,70,39288,46.68,1.94
2021-12-03,392,224683,260.7,10.949999
2021-12-04,341,198603,227.84999,9.389998
2021-12-05,2010,1099074,1362.45,59.079998
2021-12-06,133,69859,90.3,3.6399999
2021-12-07,37,19822,24.859995,1.0199999
2021-12-08,73,42410,48.4,1.98
2021-12-09,73,42583,47.989998,2.08
2021-12-10,64,37062,42.829998,1.73
2021-12-11,1998,885039,1546.1,69.02998
2021-12-12,5241,2715838,3607.75,154.30998
2021-12-13,3015,1505296,2110.27,88.409996
2021-12-14,1026,527931,712.95,30.379993
2021-12-15,3080,1539770,2159.5,90.70999
2021-12-16,866,429934,619.17004,26.399996
2021-12-17,3324,1617162,2376.3699,100.999985
2021-12-18,1592,889931,1070.8,47.29
2021-12-19,2421,1356159,1640.9,70.439995
2021-12-20,402,243300,265.94,11.339999
2021-12-22,3097,1635218,2121.08,88.68998
2021-12-23,1482,763813,1044.85,44.539993
2021-12-24,3606,1637841,2750.4995,123.87997
2021-12-25,1035,521805,718.78,29.339996
2021-12-26,3855,1882130,2694.12,110.229996
2021-12-27,3883,1845373,2878.3,126.95999
2021-12-28,163,88962,109.79,4.609999
2021-12-29,3411,1664766,2496.03,109.759995
2021-12-30,3245,1595179,2304.86,99.29999
2021-12-31,400,231789,268.49,11.269999
2022-01-01,184,109164,122.91,5.1799994
2022-01-02,24,14681,16.23,0.66999996
2022-01-03,1487,582097,1354.9401,69.5
2022-01-04,392,193895,292.66,12.819999
2022-01-05,1248,649621,858.32996,34.639988
2022-01-06,48,30261,31.27,1.28
2022-01-07,43,26262,28.460001,1.1899999
2022-01-09,13,7621,8.68,0.3
2022-01-10,387,201437,273.66,11.619999
2022-01-11,3301,1623646,2389.0999,103.969986
2022-01-12,5481,2658260,3908.66,169.59998
2022-01-13,1510,723243,1097.5499,48.659992
2022-01-14,3439,1585857,2717.41,127.83998
2022-01-15,36,22844,23.3,0.95000005
2022-01-16,2432,1280866,1674.1699,71.6
2022-01-17,5904,2863073,4256.53,186.84998
2022-01-18,214,128494,141.66,5.939999
2022-01-20,13,7908,8.33,0.33
2022-01-21,196,112385,130.53,5.4399986
2022-01-22,223,132878,147.93999,6.279999
2022-01-24,1272,663002,883.96,36.469997
2022-01-25,1045,565781,715.04,29.729994
2022-01-26,343,189851,231.76,9.599999
2022-01-28,184,98685,125.15,5.16
2022-01-29,46,30476,29.58,1.19
2022-01-30,138,83841,90.54,3.7399995
2022-01-31,71,38961,48.040005,1.9299996
2022-02-01,4071,2407583,2714.33,119.899994
2022-02-02,26,14758,17.029999,0.69000006
2022-02-03,133,78329,87.89,3.6699996
2022-02-04,2137,1236923,1428.73,61.37999
2022-02-05,2845,1675995,1893.1799,81.49999
2022-02-06,1233,652027,850.48,36.35
2022-02-07,16,9662,10.379999,0.39000002
2022-02-09,120,69898,79.68,3.3599992
2022-02-11,16,9361,10.71,0.42000002
2022-02-13,42,23659,28.15,1.13
2022-02-14,73,36546,50.71,2.0599995
2022-02-15,8,4121,5.24,0.23
2022-02-16,32,19201,21.15,0.8699998
2022-02-18,1984,1009884,1383.01,60.57
2022-02-19,103,61590,67.909996,2.8299994
2022-02-20,34,21256,22.279999,0.89
2022-02-22,15,9042,9.759999,0.39000002
2022-02-23,23,12687,15.42,0.61
2022-02-24,108,67645,71.03999,3.0399995
2022-02-26,60,32046,42.009995,1.6699998
2022-02-27,29,18258,19.16,0.77
2022-02-28,1330,701810,909.93,37.23
2022-03-01,5314,2824862,3624.5498,152.79994
2022-03-03,1338,682611,994.75,44.729996
2022-03-04,208,110140,148.62,6.35
2022-03-05,1414,685115,998.2399,40.90999
2022-03-07,748,466573,491.27,20.939995
2022-03-08,67,37640,44.810005,1.8499998
2022-03-09,1019,526504,700.08997,29.519995
2022-03-10,3876,1942969,2698.27,114.859924
2022-03-14,4063,2092017,2805.65,116.61998
2022-03-15,430,294638,275.99997,12.339996
2022-03-16,4138,2126373,2850.73,121.329994
2022-03-17,39,22523,25.710003,1.05
2022-03-18,94,55242,62.18,2.58
2022-03-19,13,8760,8.39,0.38
2022-03-21,18,10146,11.900001,0.48000002
2022-03-22,43,21237,29.84,1.16
2022-03-23,8073,4050644,5611.51,238.69998
2022-03-24,3899,2306610,2592.5498,112.709946
2022-03-26,3413,1798128,2334.44,101.42999
2022-03-28,167,89732,112.93,4.65
2022-03-29,43,26113,28.19,1.1600001
2022-03-30,2941,1455692,2117.9697,91.57998
2022-03-31,337,191540,224.61,9.34
2022-04-01,71,39804,47.09,1.9699997
2022-04-03,26,15691,17.289997,0.7
2022-04-04,27,12634,18.15,0.72
2022-04-05,4361,2451040,2933.3599,126.28997
2022-04-06,27,16774,17.640001,0.7199999
2022-04-07,21,11066,14.5199995,0.54
2022-04-08,149,85091,99.68001,4.0299997
2022-04-09,1949,845750,1622.2799,76.32999
2022-04-10,25,15228,17.17,0.77
2022-04-11,2741,1352942,2009.61,87.48998
2022-04-12,14,8520,9.190001,0.39
2022-04-15,238,134805,160.95999,6.7999997
2022-04-16,89,52083,60.379997,2.6
2022-04-17,187,101851,127.04,5.1
2022-04-19,395,220474,264.5,10.859998
2022-04-20,35,19559,23.7,0.95
2022-04-21,69,39694,46.15,1.8799999
2022-04-22,1623,758449,1293.33,59.93
2022-04-23,18,9105,12.3499975,0.48000002
2022-04-24,66,35807,44.480007,1.8399997
2022-04-25,117,71907,76.7,3.23
2022-04-27,2749,1394276,1922.21,81.84999
2022-04-28,30,18683,20.01,0.83
2022-04-29,67,37667,47.95,2.18
2022-04-30,46,26576,31.509998,1.27
2022-05-01,44,27043,29.31,1.23
2022-05-02,604,297126,421.03995,17.469995
2022-05-03,44,27808,28.63,1.1700001
2022-05-05,340,192712,228.72,9.459999
2022-05-07,35,21258,22.96,0.97
2022-05-08,36,20981,24.05,0.97
2022-05-09,70,41601,46.899998,1.95
2022-05-10,41,24182,26.779999,1.07
2022-05-11,61,32588,41.559998,1.64
2022-05-12,72,43302,48.2,1.9399999
2022-05-13,31,18844,20.17,0.86
2022-05-14,812,446551,550.18,23.029997
2022-05-17,100,58941,66.42,2.73
2022-05-20,38,22759,25.23,1.05
2022-05-21,20,10248,13.639999,0.52
2022-05-23,4069,2059908,2831.78,121.41998
2022-05-24,31,17833,20.31,0.9
2022-05-25,28,18775,18.05,0.76
2022-05-28,36,20294,24.119999,1.0199999
2022-05-30,34,21025,22.32,0.88
2022-05-31,68,39263,45.370003,1.86
2022-06-01,2881,1521865,1969.3,81.70998
2022-06-02,13,8659,8.38,0.33
2022-06-03,85,50525,56.19,2.26
2022-06-04,88,53342,57.94,2.4499998
2022-06-05,94,53733,62.45,2.59
2022-06-06,43,23892,28.56,1.1800001
2022-06-09,23,12752,15.47,0.62
2022-06-10,7845,4018088,5404.47,231.60995
2022-06-14,73,38298,49.66,2.0499997
2022-06-15,95,53084,63.699997,2.5700002
2022-06-16,14,6780,9.5199995,0.36
2022-06-17,85,49503,56.67,2.34
2022-06-18,82,43242,55.049995,2.2699997
2022-06-21,13,6037,8.95,0.33
2022-06-23,1467,599359,1225.44,57.329987
2022-06-25,74,45149,48.67,2.01
2022-06-26,454,236392,314.53,13.029999
2022-06-27,43,27305,28.1,1.21
2022-06-28,249,138817,170.62,7.199999
2022-06-29,30,16843,19.92,0.82
2022-06-30,138,81056,91.89,3.8099997
2022-07-01,1952,1068230,1328.12,57.53
2022-07-02,70,36975,47.310005,1.9499998
2022-07-03,90,56949,58.53,2.5
2022-07-04,29,16744,19.470001,0.78999996
2023-09-08,2190,1100317,1615.1199,72.689995
2023-09-09,6058,2998642,4278.32,180.87997
2023-09-10,8077,4352831,5543.1494,237.92996
2023-09-11,2819,1495940,1971.52,83.37999
2023-09-12,1317,698548,910.11,37.62
2023-09-13,926,526522,621.19995,27.329992
2023-09-14,140,85419,92.22,4.06
2023-09-15,4219,2181759,2975.64,129.18997
2023-09-16,732,387804,498.62994,21.659998
2023-09-17,9314,5017687,6374.487,280.09982
2023-09-18,900,473980,662.94995,27.14
2023-09-19,3754,1890486,2895.7002,121.659996
2023-09-20,7392,3978318,5229.69,229.22995
2023-09-21,4473,2344150,3118,135.81999
2023-09-22,4631,2505710,3205.16,141.42996
2023-09-23,11074,6161116,7466.468,331.00986
2023-09-24,5900,3007501,4199.43,186.81998
2023-09-25,7434,4278506,4993.599,223.41992
2023-09-26,4959,2498668,3531.3398,158.91995
2023-09-27,5227,2746105,3593.0999,155.89998
2023-09-28,5692,2991006,3920.15,172.13994
2023-09-29,9755,5097848,7143.389,300.6599
2023-09-30,1359,740304,1008.44,42.620003
2023-10-01,13199,7137976,9728.857,401.68976
2023-10-02,12325,6417053,9238.41,387.24988
2023-10-03,3581,1786169,2719.4702,115.48
2023-10-04,8586,4473549,5943.331,263.98
2023-10-05,6470,3826798,4283.989,193.75995
2023-10-06,9937,5154391,6982.9004,310.09
2023-10-07,13964,7418179,9532.608,419.66
2023-10-08,13142,6835875,9034.211,394.80994
2023-10-09,10600,5684672,7220.5615,320.26
2023-10-10,12765,6748266,9324.121,385.8599
2023-10-11,5328,2820087,3908.5308,164.97987
2023-10-12,6391,3299427,4513.9478,201.1199
2023-10-13,3458,1903878,2412.2004,104.95999
2023-10-14,11580,5919854,8743.249,382.78998
2023-10-15,9412,4915036,6818.742,292.09988
2023-10-16,5450,2895836,4086.6797,170.84
2023-10-17,6302,3336112,4596.7197,194.51
2023-10-18,5879,3007554,4346.88,187.3
2023-10-19,15213,8012730,10793.883,465.4896
2023-10-20,9520,4909481,6653.8003,294.15002
2023-10-21,10590,5648592,7109.2397,320.05
2023-10-22,8303,4421544,5788.6396,243.75993
2023-10-23,14654,7453606,9048.449,402.04837
2023-10-24,6120,3212392,3801.0923,180.1099
2023-10-25,14690,7757303,8870.312,413.0797
2023-10-26,27908,13605469,21949.58,897.34985
2023-10-27,31157,16214432,18597.406,833.54504
2023-10-28,7762,3653258,6206.51,261.91995
2023-10-29,5543,2712736,4040.8699,174.24998
2023-10-30,3989,1865073,3003.2651,138.83086
2023-10-31,9012,4342748,6495.1694,283.19998
2023-11-01,16733,7948363,13349.93,568.1298
2023-11-02,15868,7596199,12623.272,519.55994
2023-11-03,18401,9167670,12666.338,556.83997
2023-11-04,20179,9681633,13925.529,597.2299
2023-11-05,31907,15242885,21351.19,942.27344
2023-11-06,5818,2623339,4274.18,186.61998
2023-11-07,10642,5076857,7497.7495,328.82
2023-11-08,20162,9426948,14804.838,641.0099
2023-11-09,12797,5863110,9327.151,404.49005
2023-11-10,10130,4962345,6959.29,298.88998
2023-11-11,23720,11316537,16364.779,707.7992
2023-11-12,27679,13894404,18533.26,807.5198
2023-11-13,19079,9100030,13666.642,594.54956
2023-11-14,396,193086,281.07,11.88
2023-11-15,9137,4525776,6548.967,301.33994
2023-11-16,5059,2347484,3804.8599,182.2
2023-11-17,19064,8608617,14371.569,654.69
2023-11-18,13722,6506428,10361.96,486.80988
2023-11-19,14443,7096386,10470.857,467.39972
2023-11-20,28748,13631827,21061.428,964.4804
2023-11-21,16666,7806365,12490.862,568.51965
2023-11-22,41102,20034241,28537.098,1294.8418
2023-11-23,4560,2292983,3210.7593,151.01997
2023-11-24,15268,7321902,10958.566,496.8598
2023-11-25,18655,9028983,13022.581,601.79987
2023-11-26,17643,8548022,12123.258,532.86993
2023-11-27,21608,10190409,15334.339,673.6598
2023-11-28,23897,11997019,16186.042,719.02
2023-11-29,13641,6714610,10217.901,450.99994
2023-11-30,11536,5846493,8328.171,356.72995
2023-12-01,23291,10835101,18778.875,842.79987
2023-12-02,14824,6805465,12236.55,555.62
2023-12-03,13770,6625381,10485.585,467.24988
2023-12-04,20815,10404947,14667.332,633.1002
2023-12-05,24738,12266566,17570.91,781.2095
2023-12-06,11504,5223527,8887.721,443.2998
2023-12-07,10763,5338369,7547.675,359.54004
2023-12-08,23699,10875357,17876.662,923.31195
2023-12-09,13277,6331326,9873.441,458.17993
2023-12-10,15475,7517215,11237.439,511.64005
2023-12-11,19934,9358563,14168.938,611.95953
2023-12-12,15332,7439919,11142.143,521.54956
2023-12-13,7662,3765939,5421.381,253.2099
2023-12-14,21511,10108943,15894.861,749.48926
2023-12-15,36748,17907483,25900.018,1165.0757
2023-12-16,28952,13732960,20711.135,934.1998
2023-12-17,17327,8714435,12239.772,559.4992
2023-12-18,16341,8109405,11539.686,530.59973
2023-12-19,5075,2369058,3670.9092,165.48988
2023-12-20,12491,6348351,8626.033,397.32974
2023-12-21,13916,6942497,9712.942,438.26978
2023-12-22,16775,8481363,11648.796,526.1697
2023-12-23,22247,11406541,15120.937,669.38055
2023-12-24,29165,14042194,20875.482,938.43036
2023-12-25,14861,7539871,10365.139,475.94965
2023-12-26,18432,8945527,13396.896,622.21936
2023-12-27,22824,10692980,16775.55,740.26013
2023-12-28,13066,6329940,9835.155,444.24957
2023-12-29,12121,6186727,8849.379,386.91968
2023-12-30,18423,9133632,14485.872,620.3891
2023-12-31,31507,14912284,25423.615,1087.6216
2024-01-01,17743,8102359,14692.265,630.2897
2024-01-02,21278,10268639,16744.477,696.1638
2024-01-03,13117,6475637,9680.968,415.72937
2024-01-04,12012,5986520,8710.182,392.03973
2024-01-05,20335,10297389,14490.238,634.11017
2024-01-06,11762,6059084,8351.585,372.90982
2024-01-07,11444,5534412,8438.917,383.08994
2024-01-08,15996,7640329,11377.621,492.21982
2024-01-09,16326,7867718,11790.446,524.7097
2024-01-10,18899,9295762,14197.055,614.1793
2024-01-11,10876,5498868,8092.8516,362.52972
2024-01-12,26533,12876525,20481.154,875.90027
2024-01-13,11361,5594876,8382.782,392.7998
2024-01-14,8193,3966136,6457.834,302.7799
2024-01-15,13989,7250792,10205.867,441.37982
2024-01-16,11585,5482151,8931.005,372.5297
2024-01-17,17765,8093864,14529.614,613.7798
2024-01-18,10140,5191055,7216.8643,325.4197
2024-01-19,19341,8984705,15857.644,740.48956
2024-01-20,21397,10351617,16242.659,715.28937
2024-01-21,16450,7868354,12376.919,582.8398
2024-01-22,13398,6718521,9594.486,437.95987
2024-01-23,18810,9205677,13682.93,575.06946
2024-01-24,15160,7213791,11807.559,504.77982
2024-01-25,12642,6113997,9245.68,403.14987
2024-01-26,16400,8137527,12203.555,536.0693
2024-01-27,18954,9113902,14580.723,636.78973
2024-01-28,10493,5184353,7696.3604,328.7199
2024-01-29,20306,9768882,15822.638,679.3697
2024-01-30,35038,16439791,25929.068,1097.4818
2024-01-31,30835,15252343,21678.59,939.58093
2024-02-01,28919,13689486,20623.432,894.299
2024-02-02,28761,14137586,20253.434,881.6215
2024-02-03,21912,10590322,15429.647,666.52936
2024-02-04,38381,18541467,27038.164,1176.1925
2024-02-05,23061,11153174,17337.383,734.2402
2024-02-06,17778,8650861,13749.382,561.3099
2024-02-07,5016,2522001,3634.6506,151.90979
2024-02-08,3383,1741618,2370.877,104.579926
2024-02-09,5408,2674687,4072.5999,169.48999
2024-02-10,5493,2726358,4099.909,170.22977
2024-02-11,10824,5447473,7811.602,347.51956
2024-02-12,9265,4706404,6685.522,300.1098
2024-02-13,8178,4301631,5646.19,253.32999
2024-02-14,9308,4787755,6675.1216,301.14978
2024-02-15,8191,4036024,6510.8496,308.97983
2024-02-16,10324,5331817,7331.2188,314.22925
2024-02-17,13564,6892510,10243.524,456.65936
2024-02-18,15352,7574325,11850.731,524.98956
2024-02-19,14724,7175859,11161.964,459.5997
2024-02-20,23252,11431543,17609.799,733.4422
2024-02-21,19646,9149001,15886.57,705.27966
2024-02-22,18001,9025680,13371.437,604.88885
2024-02-23,12442,6343968,9310.628,419.40973
2024-02-24,11116,5550296,8332.863,374.20978
2024-02-25,9777,4905069,7341.538,328.15985
2024-02-26,20073,9883787,14932.813,615.5403
2024-02-27,21589,10731246,16397.383,682.5
2024-02-28,11176,5455350,8196.576,372.23984
2024-02-29,18227,8331548,13509.103,605.0398
2024-03-01,12697,6521830,8808.574,398.32916
2024-03-02,8850,4582229,6069.3135,267.71976
2024-03-03,24011,11187545,17321.646,753.57996
2024-03-04,12883,6351961,9152.886,391.29977
2024-03-05,24430,11525497,19222.98,893.49036
2024-03-06,11881,6136390,8612.919,370.00964
2024-03-07,12860,6376475,9244.757,398.01984
2024-03-08,14769,7535380,10886.969,480.1397
2024-03-09,16393,8366302,11681.6455,524.2598
2024-03-10,11583,6174691,7944.2017,356.50958
2024-03-11,12355,6402278,8878.506,378.43002
2024-03-12,19233,9039334,15006.331,677.57965
2024-03-13,7326,3558250,5642.679,253.74004
2024-03-14,8999,4331413,7022.5737,316.13995
2024-03-15,11984,5833741,9216.782,395.0998
2024-03-16,10679,5250572,8273.574,359.08987
2024-03-17,8978,4294324,7519.9277,346.62997
2024-03-18,19333,9281422,15092.471,646.2698
2024-03-19,10030,4665557,8286.078,360.25995
2024-03-20,8501,4068257,6377.19,296.19003
2024-03-21,5609,2841031,4012.741,185.07994
2024-03-22,7453,3764536,5306.3804,240.69997
2024-03-23,12198,5187565,9765.449,458.51004
2024-03-24,18515,8717566,13761.09,609.2499
2024-03-25,9475,4745393,6743.432,297.63977
2024-03-26,24701,11814755,17829.56,776.89996
2024-03-27,30036,14168896,21895.887,946.8305
2024-03-28,7352,3508030,5708.2686,281.17987
2024-03-29,9802,4850675,7162.549,323.78983
2024-03-30,15893,7278454,12543.811,599.9199
2024-03-31,9446,4552759,6978.48,319.75
2024-04-01,13381,6231283,10014.13,460.72998
2024-04-02,15094,6726455,11774.2,554.9399
2024-04-03,23069,10749263,16896.41,752.16974
2024-04-04,6236,3173063,4432.698,198.12003
2024-04-05,9082,4256051,7378.031,332.26996
2024-04-06,20349,9142812,17320.4,789.0101
2024-04-07,9466,4319842,7704.2896,337.36
2024-04-08,10007,4939562,7565.489,320.51004
2024-04-09,6437,3049709,5080.138,224.38998
2024-04-10,11611,5165950,10212.35,483.66
2024-04-11,12836,5484509,11472.478,548.08984
2024-04-12,15559,7236594,12583.07,541.57996
2024-04-13,12634,5668242,10922.686,518.6599
2024-04-14,22215,8313474,22962.55,1328.4796
2024-04-15,12469,5531331,10787.56,491.50986
2024-04-16,12449,5787486,10134.368,428.75986
2024-04-17,8382,4074319,6563.8677,283.18
2024-04-18,8245,4057804,6352.975,265.54987
2024-04-19,4646,2322573,3523.009,166.1
2024-04-20,15284,7009162,12952.149,584.91003
2024-04-21,16801,8329305,12882.028,544.8297
2024-04-22,8058,3836570,6439.15,286.46997
2024-04-23,16695,8239718,13250.337,573.37976
2024-04-24,8015,4038096,6035.7627,254.72992
2024-04-25,12655,6012594,10088.446,444.99
2024-04-26,6883,3442450,5203.178,222.17998
2024-04-27,6768,3290584,5034.78,228.64998
2024-04-28,24832,12035549,17790.824,784.5803
2024-04-29,11407,5289879,8721.93,406.4799
2024-04-30,22089,10091633,16420.496,738.7998
2024-05-01,15542,7378650,11183.549,494.02963
2024-05-02,22035,10512968,15729.733,679.2498
2024-05-03,10961,5456709,7742.9004,345.24994
2024-05-04,20425,10027019,14654.505,647.5895
2024-05-05,10632,5271855,7548.21,335.19998
2024-05-06,6546,3249915,4702.2695,215.58002
2024-05-07,7602,3830054,5383.5586,240.47997
2024-05-08,5980,2651607,4990.068,263.45996
2024-05-09,7206,3439428,5155.4683,231.02992
2024-05-10,8832,4060638,6815.7593,330.89993
2024-05-11,17099,7498848,13642.319,644.39
2024-05-12,9268,4452423,6644.248,299.73
2024-05-13,13962,6110539,11171.141,544.7498
2024-05-14,8771,4492220,6080.4897,266.21994
2024-05-15,14858,7483984,10658.684,485.58914
2024-05-16,18343,8731145,13704.743,638.3297
2024-05-17,16670,8089801,12197.332,564.79913
2024-05-18,22334,10601265,16592.764,756.71924
2024-05-19,15203,6799966,11722.425,544.13983
2024-05-20,12648,6194356,9575.837,452.76987
2024-05-21,22433,10679643,17515.127,717.8196
2024-05-22,23866,11583460,18026.982,775.41986
2024-05-23,14794,6825359,12397.747,575.41956
2024-05-24,19797,9177943,16351.892,767.7998
2024-05-25,36553,17614639,28427.977,1176.1107
2024-05-26,14192,6910115,11184.605,508.6897
2024-05-27,16371,8193488,12302.411,546.57965
2024-05-28,7753,3580770,6421.0864,292.78973
2024-05-29,14042,6962697,11612.896,555.0096
2024-05-30,15020,7399306,11420.491,480.60928
2024-05-31,18010,9120046,12911.687,571.2092
2024-06-01,11970,5739063,9309.971,394.1499
2024-06-02,2020,1036824,1412.9095,63.670006
2024-06-03,17520,7894728,14203.408,701.44995
2024-06-04,20400,9637658,16201.691,729.33026
2024-06-05,11655,5840632,8643.8955,381.48975
2024-06-06,8818,4286871,6713.886,289.20984
2024-06-07,18950,9385078,13312.173,588.4498
2024-06-08,16848,8509008,12040.156,536.2594
2024-06-09,25093,12455489,17597.602,822.1924
2024-06-10,11106,5011663,8971.858,433.5999
2024-06-11,11957,5725195,9007.665,407.1499
2024-06-12,14186,6694026,10770.771,479.4698
2024-06-13,20831,9894815,15597.335,677.34985
2024-06-14,8894,4142862,6586.7,285.75995
2024-06-15,27371,12816806,20442.629,917.09973
2024-06-16,25294,12618734,18094.268,802.8018
2024-06-17,17634,8268770,13136.283,566.0399
2024-06-18,10983,4915495,8419.409,364.69998
2024-06-19,13792,6349704,10715.502,477.9299
2024-06-20,21099,10047044,15796.531,698.44977
2024-06-21,25348,11883618,18879.361,816.18994
2024-06-22,21865,10151749,16260.562,704.55994
2024-06-23,16800,7788826,12678.46,552.92993
2024-06-24,16588,7274259,12908.53,573.35
2024-06-25,5378,2440785,4585.6504,207.38
2024-06-26,15440,7252965,12775.48,538.1499
2024-06-27,7172,3401312,6161.1025,285.4399
2024-06-28,7412,3687860,5604.0107,236.18997
2024-06-29,10941,5210438,8908.998,381.7199
2024-06-30,12872,6190012,10551.037,464.1399
2024-07-01,19999,9380391,15500.006,656.0598
2024-07-02,11522,5302631,10069.3125,480.43994
2024-07-03,13315,6291894,10702.828,455.22998
2024-07-04,13067,5412048,12264.759,599.47
2024-07-05,11419,4839435,9525.019,458.52002
2024-07-06,33665,16139738,24492.523,1060.3832
2024-07-07,25061,12020349,18735.826,838.2497
2024-07-08,5538,2603210,4205.5903,181.94002
2024-07-09,35350,17296381,27467.82,1085.2516
2024-07-10,11128,5200415,9099.249,395.29987
2024-07-11,41948,20836654,32045.52,1305.8027
2024-07-12,15596,7292162,12472.251,492.80994
2024-07-13,13298,6304725,10512.441,415.08987
2024-07-14,24102,11424263,19171.568,760.0899
2024-07-15,9250,4311503,7455.7705,296.8
2024-07-16,6810,3119034,5803.7695,259.71997
2024-07-17,17276,7783237,14242.07,648.44995
2024-07-18,13716,6570014,11106.9,486.26984
2024-07-19,14489,7063413,11351.031,466.42975
2024-07-20,11005,5311689,8733.389,370.10986
2024-07-21,10066,4923842,7781.861,316.31003
2024-07-22,41827,21423547,31806.312,1321.1165
2024-07-23,34690,17629808,26265.713,1061.0112
2024-07-24,3552,1649874,2814.6997,115.21998
2024-07-25,1820,925316,1282.0599,54.26
2024-07-26,13107,6314959,9511.581,410.2795
2024-07-27,23066,10274493,17118.404,743.2107
2024-07-28,8121,4073674,5795.6,246.43
2024-07-29,8648,4352591,6145.3184,261.83994
2024-07-30,11942,5427768,8703.439,356.57986
2024-07-31,14138,6730221,10276.989,429.51987
2024-08-01,16668,8405238,12049.404,548.2099
2024-08-02,13694,6381614,10448.487,467.20996
2024-08-03,17864,8237953,13192.8,562.1388
2024-08-04,8766,4171581,6632.319,286.18994
2024-08-05,7293,3544387,5543.4194,248.91992
2024-08-06,6950,3434868,5108.6587,223.84998
2024-08-07,5360,2627491,3905.47,171.24997
2024-08-08,5135,2611960,3758.6677,167.07
2024-08-09,21637,11042473,16745.121,689.34064
2024-08-10,8798,4282297,6386.239,270.83997
2024-08-11,3197,1631304,2441.11,106.02001
2024-08-12,5335,2719364,3955.2388,172.34993
2024-08-13,10604,4993462,7979.9907,342.74985
2024-08-14,6909,3405465,5012.0693,214.4
2024-08-15,3410,1769520,2446.6694,103.13999
2024-08-16,4663,2392180,3296.0093,140.00996
2024-08-17,9809,4882250,7221.539,308.84998
2024-08-18,5395,2702790,4049.6404,177.14992
2024-08-19,6644,3101258,5093.049,223.21996
2024-08-20,5874,3008696,4344.6597,188.85994
2024-08-21,12399,5657430,9855.539,444.94
2024-08-22,45269,21185675,33643.96,1439.4315
2024-08-23,1001,464470,820.82,39.66
2024-08-24,7869,3862002,5792.613,247.78001
2024-08-25,5962,3042606,4356.549,187.62994
2024-08-26,11618,4882700,9945.129,517.38995
2024-08-27,4515,2175766,3550.0688,159.71992
2024-08-28,4287,1759842,3857.4387,196.28998
2024-08-29,7046,3014637,5879.6396,300.46
2024-08-30,12706,6000168,10204.828,477.06992
2024-08-31,7507,3694928,5859.67,227.34991
2024-09-01,15110,6333679,14485.266,778.1794
2024-09-02,15778,6905454,13227.778,633.8996
2024-09-03,15105,7331673,10945.951,441.19992
2024-09-04,18583,8706093,14562.959,643.80975
2024-09-05,16633,8273874,12100.796,495.1195
2024-09-06,17438,7507302,14429.048,674.5297
2024-09-07,8480,4138312,6507.568,286.55994
2024-09-08,12929,5136365,11724.517,621.5095
2024-09-09,12194,4906081,10643.438,561.35
2024-09-10,6243,3143412,4674.4473,198.80998
2024-09-11,16072,8071139,11685.708,491.5198
2024-09-12,9442,4520575,7491.5664,332.32993
2024-09-13,16155,7207665,13310.157,645.9798
2024-09-14,9179,4592938,6560.1484,274.14987
2024-09-15,18992,7646398,16781.686,880.58966
2024-09-16,6100,2936032,4565.215,200.3303
2024-09-17,12542,5305618,10646.056,544.92957
2024-09-18,16877,8391844,12524.424,534.75977
2024-09-19,6261,3208529,4672.5557,199.46994
2024-09-20,20869,10175046,15007.878,618.7899
2024-09-21,18272,9185650,13102.257,543.4896
2024-09-22,19272,9549193,14217.648,609.5797
2024-09-23,2984,1498212,2154.8696,89.32
2024-09-24,20831,9222789,17045.152,804.96985
2024-09-25,4271,2131490,3046.2498,126.65997
2024-09-26,23096,11299191,16636.203,675.44
2024-09-27,11160,5608709,7903.4165,328.00992
2024-09-28,12992,6462486,9357.078,391.8099
2024-09-29,10700,5484233,7533.316,314.52994
2024-09-30,27090,13231375,19588.38,824.77106
2024-10-01,7671,3819389,5513.658,229.93997
2024-10-02,1660,888992,1179.3802,49.329998
2024-10-03,5374,2847933,3748.8481,158.24998
2024-10-04,6538,3372406,4721.5073,198.4099
2024-10-05,6293,3226881,4451.7793,186.46996
2024-10-06,23775,8505884,22377.67,1259.949
2024-10-07,550,290882,388.8701,15.799998
2024-10-08,4532,2323547,3301.218,139.8601
2024-10-09,3730,1874548,2700.8699,116.169975
2024-10-10,15431,7665944,11318.283,483.32996
2024-10-11,5059,2413171,3884.0679,177.66011
2024-10-12,8535,4285327,6081.298,253.16988
2024-10-13,5183,2575563,3887.7568,168.47
2024-10-14,1136,549711,836.29004,35.459995
2024-10-15,7459,3670808,5660.8145,250.25008
2024-10-16,3992,1989685,2899.4297,119.35998
2024-10-17,305,160341,216.46002,9.07
2024-10-18,7064,3508717,5306.035,229.80006
2024-10-19,7884,4028884,5661.0547,238.43996
2024-10-20,13871,6829738,10008.518,420.4098
2024-10-21,4713,2376539,3532.4375,152.28001
2024-10-22,17798,9036723,12783.197,522.86957
2024-10-23,994,511004,706.40985,29.389996
2024-10-24,7005,3638887,4969.1445,205.17001
2024-10-25,5531,2813356,4058.484,171.94995
2024-10-26,4889,2509427,3492.28,147.68999
2024-10-27,38835,14592852,41341.41,2371.05
2024-10-28,4877,2365313,3845.01,180.22
2024-10-29,15407,7544261,11881.74,497.04996
2024-10-30,8373,4254994,5792.11,249.02998
2024-10-31,886,451501,606.13,24.45
2024-11-01,9079,4531838,6425.58,275.28
2024-11-02,23316,11378754,16651.61,707.1499
2024-11-03,16008,8112673,11389.68,489.81
2024-11-04,4883,2545669,3392.3699,145.65
2024-11-05,7253,3509225,5300.0996,230.79994
2024-11-06,7781,3946530,5403.34,227.87996
2024-11-07,8032,3812873,5882.4,255.04997
2024-11-08,4839,2460937,3499.79,152.45999
2024-11-09,3549,1493937,3292.18,162.78
2024-11-10,8133,4048723,6062.3203,257.28998
2024-11-11,14873,7829395,10422.01,432.06998
2024-11-12,5668,2889153,4237,171.04999
2024-11-13,4761,2393119,3451.6401,152.7
2024-11-14,6486,3230266,4913.62,213.56999
2024-11-15,6792,3283956,4821.12,201.13998
2024-11-16,10557,5218063,7484.28,315.02
2024-11-17,13238,6641147,9214.07,387.91
2024-11-18,5625,2912676,3889.39,168.08
2024-11-19,7146,3609310,5042.27,215.60999
2024-11-20,299,169141,200.14,8.92
2024-11-21,7118,3574311,4988.32,213.65999
2024-11-22,9227,4513655,6641.91,288.90997
2024-11-23,7893,3639703,6055.9697,267.16998
2024-11-24,4923,2454856,3511.49,149.82999
2024-11-25,6740,3348335,4767.15,204.10997
2024-11-26,2470,1232156,1793.1,78.59
2024-11-27,12631,6329642,8809.149,382.73
2024-11-28,4234,1848254,3319.89,151.10999
2024-11-29,6063,2981068,4385.29,192.59
2024-11-30,2317,1120836,1790.16,83.479996
2024-12-01,4554,2288956,3318.94,150.18999
2024-12-02,6271,3101967,4511.28,193.42
2024-12-03,4945,2513547,3506.15,152.23999
2024-12-04,6746,3231777,5004.3906,216.66997
2024-12-05,15611,7572590,11335.409,484.85992
2024-12-06,12051,5838523,8669.82,365.84995
2024-12-07,3908,1907058,2851.37,123.15
2024-12-08,30422,14684928,21954.799,957.43994
2024-12-09,7335,3618181,5589.87,236.48999
2024-12-10,10413,5435612,7651.0596,306.4999
2024-12-11,7126,3619334,5255.6997,213.44997
2024-12-12,694,357470,483.79,20.63
2024-12-13,9111,4484713,6884.8604,288.66998
2024-12-14,7625,3578918,5682.44,250.26997
2024-12-15,19485,9717917,13888.42,634.41
2024-12-16,2740,1451869,1969.83,88.979996
2024-12-17,289,157238,196.39,8.2
2024-12-18,9909,4808780,7113.4795,299.66998
2024-12-19,5122,2480960,3666.68,156.17
2024-12-20,4707,2322321,3326.29,143.31999
2024-12-21,18371,9257536,12863.84,547.29
2024-12-22,25877,13143600,18017.78,845.42
2024-12-23,491,246433,338.49,14.809999
2024-12-24,452,213416,320.16998,13.349998
2024-12-25,4263,2165306,3115,139.73
2024-12-26,295,150034,204.39,8.15
2024-12-27,6899,3494679,4861.15,210.16
2024-12-28,7459,3550195,5452.02,237.39
2024-12-29,6183,3105647,4318.7495,184.89996
2024-12-30,6204,3170539,4373.62,186.49998
2024-12-31,2540,1293367,1775.9999,75.639984
2025-01-01,3714,1984805,2564.03,108.88999
2025-01-02,4068,1943830,3044.22,138.93
2025-01-03,5557,2742397,4229.6997,192.84999
2025-01-04,4811,2186263,3957.46,185.95
2025-01-05,44781,21965846,31527.02,1441.01
2025-01-06,287,132697,208.48999,9.919999
2025-01-07,9950,4681271,8342.29,395.13998
2025-01-08,6499,2808520,6376.56,333.20996
2025-01-09,8574,4109845,6591.97,283.93
2025-01-10,5692,2749694,4474.33,199.04
2025-01-11,5527,2713627,4162.89,182.23999
2025-01-12,43166,21819853,32360.07,1360.8099
2025-01-13,12128,5696015,9828.82,427.48996
2025-01-14,40823,20592455,30403.45,1207.8799
2025-01-15,13814,6947752,10321.711,412.42993
2025-01-16,32866,16941136,24944.688,1003.7098
2025-01-17,30188,15007489,22790.68,917.2399
2025-01-18,28934,14375583,19874.76,836.06995
2025-01-19,18976,9524551,13643.96,558.50995
2025-01-20,24285,11991430,17857.3,715.19995
2025-01-21,26206,13221718,19980.72,797.88995
2025-01-22,10264,5031119,7846.79,328.82
2025-01-23,5315,2493784,4107.76,174.68
2025-01-24,6166,3026205,4759.7397,214.84
2025-01-25,3599,1810620,2739.73,125.6
2025-01-26,503,237216,377.47,16.869999
2025-01-27,5480,2708423,4271.64,190.87
2025-01-28,2524,1236740,1969.0399,83.829994
2025-01-29,6071,3225438,4450.34,181.09996
2025-01-30,3423,1694464,2570.72,104.71999
2025-01-31,7624,3941778,5715.71,227.18999
2025-02-01,2459,1307458,1818.83,74.17999
2025-02-02,4605,2233881,3545.81,164.51999
2025-02-03,5426,2700464,4066.16,172.87
2025-02-04,4552,2253926,3399.58,145.59
2025-02-05,214,102872,150.97,6.6999993
2025-02-06,2356,955012,2300.01,122
2025-02-07,6612,3207234,4739.06,207.51
2025-02-08,1537,736204,1106.16,47.029995
2025-02-09,3947,1854525,2899.67,125.1
2025-02-10,3955,1674985,3755.1702,185.05998
2025-02-11,5836,2768337,4403.39,196.26
2025-02-12,7830,3890363,5795.6196,240.93997
2025-02-13,349,172854,265.86002,11.599998
2025-02-14,5499,2624151,4246.53,191.29
2025-02-15,247,126347,186.86,8.15
2025-02-16,5238,2567535,3794.6,159.89
2025-02-17,788,363499,622.54004,26
2025-02-18,10805,5191434,8294.01,354.44998
2025-02-19,12623,5744412,9268.6,398.02997
2025-02-20,8897,4130521,7218.16,315.36
2025-02-21,14924,6850776,12067.79,495.18997
2025-02-22,17020,7946166,13826.56,588.91
2025-02-23,3872,1896657,2942.68,132.92
2025-02-24,20442,8332309,18241.05,1010.94995
2025-02-25,3572,1862434,2452.62,109.11
2025-02-26,190,97578,124.31,4.94
2025-02-27,4904,2481476,3448.47,146.45
2025-02-28,166,92916,110.72,4.84
2025-03-01,1259,558344,1000.39996,46.559998
2025-03-02,7184,3482200,4980.2603,212.09995
2025-03-03,8711,4344902,5934.88,252.21997
2025-03-04,314,159837,207.75,8.86
2025-03-05,4053,1812594,3611.97,169.46999
2025-03-06,11484,5681646,8810.66,360.22995
2025-03-07,341,180310,244.59001,10.269999
2025-03-08,2017,958311,1583.8,67.479996
2025-03-09,2707,1276779,2172.58,89.18
2025-03-10,443,231293,307.6,12.639999
2025-03-11,3405,1632647,2623.01,108.63
2025-03-12,23007,11756047,17075.68,672.03986
2025-03-13,986,462906,800.58,34.85
2025-03-14,394,182910,311.51,14.169999
2025-03-15,20240,10317987,15362.421,608.38995
2025-03-16,244,126063,178.17,8.32
2025-03-17,219,103147,162.42,7.44
2025-03-18,497,233391,399.65,16.109999
2025-03-19,19249,9529665,15009.32,631.52
2025-03-20,35273,17126447,27643.902,1130.89
2025-03-21,18288,9165865,14514.2,633.3299
2025-03-22,113,50789,83.63,3.9099998
2025-03-23,21124,10236536,17261.75,763.19995
2025-03-24,27068,13300937,21478.82,924.2699
2025-03-25,796,369758,648.18,28.08
2025-03-26,22502,11154109,17776.34,702.6999
2025-03-27,36023,17793444,28484.9,1106.5999
2025-03-28,16855,8640896,12620.83,511.01993
2025-03-29,32395,15529219,25489.4,1032.0198
2025-03-30,42355,15788083,41809.46,2300.04
2025-03-31,3849,1904475,2931.51,117.74999
2025-04-01,4129,2015226,3168.7898,129.12999
2025-04-02,7062,3503671,4997.8,212.30998
2025-04-03,5691,2438627,4781.29,234.60994
2025-04-04,12825,5814369,10895.261,493.04996
2025-04-05,68717,33303858,50853.23,2069.17
2025-04-06,58330,28125310,41887.87,1752.83
2025-04-07,40128,19304281,28752.16,1201.23
2025-04-08,8642,4369566,6490.4297,270.33
2025-04-09,11786,6165088,8410.4,359.65
2025-04-10,1684,863696,1246.92,54.55
2025-04-11,7912,4036405,5695.91,234.45999
2025-04-12,1660,892369,1173.4,49.87
2025-04-13,4519,2404193,3312.77,139.35999
2025-04-14,2952,1551948,2240.73,96.729996
2025-04-15,2812,1457180,2062.6099,83.6
2025-04-16,1062,540559,758.62,33.02
2025-04-17,654,350111,463.67,19.42
2025-04-18,485,257420,351.52,14.7699995
2025-04-19,304,155917,218.06,9.07
2025-04-20,2882,1434629,2233.55,96.46
2025-04-21,1410,731997,1016.97003,42.07
2025-04-22,10707,5262529,8201.03,332.38995
2025-04-23,40390,19947168,28894.658,1212.4298
2025-04-24,43353,21685500,30238.45,1313.4598
2025-04-25,16563,8295934,12210.56,498.03998
2025-04-26,1162,618490,790.83,33.62
2025-04-27,1119,586327,776.12,32.87
2025-04-28,309,157656,211.19,9.07
2025-04-29,16533,8086190,11586.61,496.59995
2025-04-30,649,353044,436.65,18.48
2025-05-01,1077,581143,738.2,32.14
2025-05-02,2459,1237138,1925.76,94.149994
2025-05-03,1177,609672,909.54,49.02
2025-05-04,41748,20986041,31914.48,1360.2599
2025-05-05,1001,559011,669.76,28.55
2025-05-06,522,273811,372.2,16.06
2025-05-07,830,456680,562.47,24.46
2025-05-08,44033,21539528,32002.027,1427.0095
2025-05-09,6523,3044277,4970.78,220.76
2025-05-10,226,116596,163.69,7.04
2025-05-11,221,115510,149.55,6.08
2025-05-12,14153,5649398,11815.15,552.13995
2025-05-13,539,257718,384.83,16.66
2025-05-14,251,137129,174.32,7.4999995
2025-05-15,10314,5133482,7603.2007,317.48996
2025-05-16,382,196170,262.08,11.65
2025-05-17,7859,3674550,6142.29,303.78
2025-05-18,1188,545975,893.19,38.44
2025-05-19,65,35623,44.03,1.9100001
2025-05-20,815,409614,576.7,24.869999
2025-05-21,1814,846324,1441.83,59.94
2025-05-22,1558,716162,1290.19,55.929996
2025-05-23,2651,1173008,2427.45,115.56999
2025-05-24,2882,1452968,2034.54,88.59
2025-05-25,934,435784,724.58997,31.619999
2025-05-26,6536,3186912,4630.57,198.22998
2025-05-27,474,253228,327.33002,14.12
2025-05-28,683,333301,481.48,21.03
2025-05-29,452,237211,308.88,12.49
2025-05-30,14058,6838851,10784.58,448.97998
2025-05-31,400,205271,279.32,11.829999
2025-06-01,15964,8245081,11714.13,495.25998
2025-06-02,9783,4786810,7858.75,340.83
2025-06-03,7404,3616313,5533,243.62999
2025-06-04,10774,5384767,7930.0796,335.16998
2025-06-05,9943,4923971,7495.06,306.11996
2025-06-06,328,185222,223.25,9.63
2025-06-07,215,104331,150.97,6.48
2025-06-08,166,72777,120.93,6.0199995
2025-06-09,3732,2040513,2663.8496,109.57996
2025-06-10,3705,2073947,2618.55,108.54998
2025-06-11,367,167220,270.53,11.69
2025-06-12,323,176516,219.69,9.3
2025-06-13,171,98236,117.25,4.88
2025-06-14,2960,1374375,2595.32,118.92999
2025-06-15,2118,1005010,1680.97,66.659996
2025-06-16,3691,1828415,2791.14,113.229996
2025-06-17,966,472297,768.34,36.07
2025-06-18,21705,10539995,17649.22,809.5399
2025-06-19,18818,9325233,14993.81,776.65
2025-06-20,1194,597764,961.07,42.489998
2025-06-21,1366,691721,1012.6,51.04
2025-06-22,23006,11717415,17404.62,918.8
2025-06-23,7145,3559364,5526.85,279.86
2025-06-24,32094,16086995,25540.13,1361.04
2025-06-25,15658,7924188,10870.93,461.02997
2025-06-26,4378,2226348,3560.65,164.29
2025-06-27,624,342628,473.68,25.14
2025-06-28,1069,561054,784.09,37.409996
2025-06-29,3949,2125623,2888.74,152.55
2025-06-30,1722,919724,1327.75,65.04
2025-07-01,3835,1880910,2757.6902,116.63
2025-07-02,2601,1335632,1839.49,77.95
2025-07-03,353,193104,241.06,10.119999
2025-07-04,329,181150,224.45,9.38
2025-07-05,6878,3548478,5186.35,222.79
2025-07-06,2135,1176788,1468.95,62.689995
2025-07-07,631,345430,430.48,18.3
2025-07-08,413,224993,310.61,13.71
2025-07-09,1102,599451,759.22,33.199997
2025-07-10,1660,905697,1141.71,48.95
2025-07-11,5156,2485853,3633.2793,153.88997
2025-07-12,1743,861908,1344.49,59.019997
2025-07-13,506,239437,365.3,15.96
2025-07-14,485,254998,339.84,15.339999
2025-07-15,2366,1262101,1698.59,71.27
2025-07-16,921,500780,690.78,29.05
2025-07-17,4268,2174818,3170.61,128.18999
2025-07-18,39677,21775643,27101.389,1269.04
2025-07-19,38163,19333912,26524.988,1140.7799
2025-07-20,1863,952966,1290.99,55.77
2025-07-21,454,244159,316.91,14.66
2025-07-22,445,236406,303.22,12.87
2025-07-23,856,466983,575.29,25.47
2025-07-24,204,115065,135.55,5.7599998
2025-07-25,499,281037,333.75,14.18
2025-07-26,215,111941,147.39,6.35
2025-07-27,490,258785,333.65,14.17
2025-07-28,364,189332,256.33,10.53
2025-07-29,1404,793203,1058.65,44.989994
2025-07-30,3657,1837753,2550.46,107.819984
2025-07-31,38791,20073400,26858.67,1139.7299
2025-08-01,13051,6776401,9233.97,417.96997
2025-08-02,1939,1031686,1403.5701,57.229996
2025-08-03,4444,2413293,3023.6099,130.90999
2025-08-04,6938,3602896,4842.79,205.03998
2025-08-05,8469,4185039,6063.64,261.24997
2025-08-06,9159,4672243,6407.6997,273.50998
2025-08-07,1138,600588,774.77997,32.48
2025-08-08,707,363439,528.18,22.55
2025-08-09,200,109693,133.63,5.58